ID,Name,Sex,Race,Node_Role,Network,Label,Label2
1,Adan,m,WA,S,1,,
2,Agueda de la Cruz,f,Asian,S,1,,
3,Agustin,m,WCA,S,642,Agustin (Herrera y Orta),Agustin (Herrera y Orta)
4,Agustin,m,WCA,S,120,,
5,Agustin,m,WCA,S,642,,
7,Agustin,m,WCA,S,120,,
8,Agustin de la Cruz,m,creole,S,1,,
9,Agustin de Medina,m,creole,S,642,,
10,Agustin de Sosa,m,WCA,S,120,,
11,Agustin Hernandes,m,creole,F,642,,
12,Agustin Manuel,m,WCA,S,1,,
13,Agustina,f,WCA,S,1,,
14,Agustina,f,WCA,S,1,,
15,Agustina,f,WCA,S,1,,
16,Agustina de Astudillo,f,Non-Af,F,1,,
17,Agustina de la Cruz,f,creole,S,1,,
18,Agustina de San Geronimo,f,creole,F,1,,
19,Agustina Perez,f,Non-Af,F,2_to_9,,
20,Alejandro,m,WCA,S,1,,
21,Alexandre,m,WCA,S,642,,
22,Alexo,m,WA,S,1,,
23,Alfonzo,m,WA,S,1,,
24,Alonso de Nueva,m,Non-Af,F,2_to_9,,
25,Alonza Tomasina,f,creole,S,1,,
26,Alonzo,m,WCA,S,1,,
27,Alonzo de Aviles,m,creole,F,1,,
28,Alonzo de Leyba,m,Unk,F,1,,
29,Amador De Sosa,m,WA,S,1,,
30,Ambrosio,m,WCA,S,1,,
31,Ambrosio,m,WCA,S,642,,
32,Ambrosio,m,WCA,S,642,,
33,Ana,f,WCA,S,1,,
34,Ana,f,WCA,S,1,,
35,Ana,f,WA,S,1,,
36,Ana,f,WCA,S,642,,
37,Ana,f,WA,S,642,,
38,Ana,f,WCA,S,120,,
39,Ana,f,WA,S,1,,
40,Ana,f,unkBlack,S,1,,
41,Ana,f,WCA,S,642,,
42,Ana,f,creole,F,1,,
43,Ana Cortes,f,WCA,S,1,,
44,Ana de Dios,f,WCA,S,1,,
45,Ana de la Concepcion,f,creole,F,1,,
46,Ana de la Cruz,f,WCA,S,1,,
47,Ana de la Cruz,f,creole,F,1,,
48,Ana de los Angeles,f,Non-Af,F,1,,
49,Ana de Rojas,f,Non-Af,F,1,,
50,Ana de Santiago,f,WCA,S,1,,
51,Ana Maria,f,creole,S,1,,
52,Ana Maria,f,WCA,S,2_to_9,,
53,Ana Maria,f,Non-Af,F,1,,
54,Ana Ponce Romero,f,creole,F,2_to_9,,
55,Andrea,f,WCA,S,2_to_9,,
56,Andrea,f,WCA,S,642,,
57,Andrea,f,WCA,S,642,,
58,Andreas,m,WCA,S,642,,
59,Andres,m,WCA,S,1,,
60,Andres,m,WCA,S,642,,
61,Andres,m,WCA,S,642,,
62,Andres,m,WCA,S,2_to_9,,
63,Andres de Garcia,m,unkBlack,S,1,,
64,Andres de la Cruz,m,creole,S,1,,
65,Andres de la Cruz,m,WA,S,1,,
66,Andres de San Juan,m,WCA,S,1,,
67,Andres Francisco,m,Asian,F,1,,
68,Andres Geronimo,m,creole,S,1,,
69,Andres Matias Mendes,m,creole,F,1,,
70,Angelina,f,WCA,S,642,,
71,Antonia,f,WCA,S,1,,
72,Antonia,f,WCA,S,1,,
73,Antonia,f,WCA,S,2_to_9,,
74,Antonia de la Cruz,f,WCA,S,2_to_9,,
75,Antonia de Salinas,f,creole,F,2_to_9,,
76,Antonia de San Nicolas,f,creole,S,1,,
77,Antonio,m,unkBlack,S,2_to_9,,
78,Antonio,m,WCA,S,120,,
79,Antonio,m,WCA,S,1,,
80,Antonio,m,WCA,S,1,,
81,Antonio,m,WCA,S,1,,
82,Antonio,m,WCA,S,1,,
83,Antonio,m,WCA,S,1,,
84,Antonio,m,WCA,S,2_to_9,,
85,Antonio,m,WCA,S,642,,
86,Antonio,m,WCA,S,2_to_9,,
88,Antonio,m,WCA,S,120,,
89,Antonio,m,WA,S,1,,
90,Antonio,m,WCA,S,642,,
91,Antonio,m,WCA,S,642,,
92,Antonio,m,WCA,S,1,,
93,Antonio,m,WCA,S,2_to_9,,
94,Antonio,m,WCA,S,1,,
95,Antonio,m,WCA,S,1,,
96,Antonio,m,WA,S,2_to_9,,
97,Antonio,m,WA,S,642,,
98,Antonio,m,WA,S,1,,
99,Antonio,m,WCA,S,642,,
100,Antonio,m,WCA,S,2_to_9,,
101,Antonio,m,WCA,S,642,,
102,Antonio,m,WCA,S,642,,
103,Antonio,m,WCA,S,642,,
104,Antonio,m,WCA,S,1,,
105,Antonio,m,WCA,S,642,,
106,Antonio,m,WCA,S,642,,
107,Antonio,m,WCA,S,2_to_9,,
108,Antonio,m,WCA,S,642,,
109,Antonio,m,WA,S,1,,
110,Antonio,m,WCA,S,642,,
111,Antonio,m,WCA,S,1,,
112,Antonio,m,WA,S,642,,
113,Antonio,m,WA,S,1,,
114,Antonio,m,WCA,S,2_to_9,,
115,Antonio,m,WCA,S,642,,
116,Antonio,m,WCA,S,1,,
117,Antonio,m,unkBlack,S,2_to_9,,
118,Antonio,m,WCA,S,1,,
119,Antonio,m,WCA,S,642,,
120,Antonio,m,WA,S,1,,
122,Antonio,m,WCA,S,642,Antonio (Navarro),Antonio (Navarro)
123,Antonio,m,WCA,S,642,,
124,Antonio,m,WCA,S,2_to_9,,
125,Antonio,m,WCA,S,1,,
126,Antonio,m,WCA,S,1,,
127,Antonio,m,WCA,S,120,,
128,Antonio,m,WCA,S,2_to_9,,
130,Antonio,m,WCA,S,2_to_9,,
131,Antonio,m,WCA,S,2_to_9,,
132,Antonio,m,WCA,S,642,,
133,Antonio,m,WA,S,1,,
134,Antonio,m,WCA,S,1,,
135,Antonio,m,WCA,S,642,,
136,Antonio,m,WCA,S,1,,
137,Antonio,m,unkBlack,S,1,,
138,Antonio,m,WCA,S,120,,
139,Antonio,m,WCA,S,642,,
140,Antonio,m,WCA,S,2_to_9,,
141,Antonio,m,WCA,S,2_to_9,,
142,Antonio,m,WCA,S,642,,
143,Antonio,m,WCA,S,642,,
144,Antonio,m,WCA,S,1,,
145,Antonio,m,WCA,S,2_to_9,,
146,Antonio,m,WCA,S,1,,
147,Antonio,m,WCA,S,1,,
148,Antonio,m,WCA,S,642,,
149,Antonio,m,WCA,S,1,,
150,Antonio,m,WCA,S,1,,
151,Antonio de la Cruz,m,WCA,S,2_to_9,,
152,Antonio,m,WA,S,642,,
153,Antonio,m,WA,S,1,,
154,Antonio,m,WCA,S,642,,
155,Antonio,m,WA,F,2_to_9,,
156,Antonio de Alcase,m,unkBlack,S,120,,
157,Antonio de Espinosa,m,WCA,S,1,,
158,Antonio de Guzman,m,WCA,F,2_to_9,,
159,Antonio de la Cruz,m,WCA,S,642,,
160,Antonio de la Cruz,m,WCA,S,642,,
161,Antonio de la Cruz,m,WCA,S,642,,
162,Antonio de la Cruz,m,WCA,S,642,,
163,Antonio de la Cruz,m,WCA,S,1,,
164,Antonio de la Cruz,m,WCA,S,120,,
165,Antonio de la Cruz,m,WA,S,642,,
166,Antonio de la Cruz,m,WCA,S,1,,
167,Antonio de la Cruz,m,WCA,S,642,,
168,Antonio de la Cruz,m,WCA,S,120,,
169,Antonio de la Cruz,m,WCA,S,1,,
170,Antonio de la Cruz,m,WCA,S,2_to_9,,
171,Antonio de la Cruz,m,WCA,S,1,,
173,Antonio de la Cruz,m,WCA,S,2_to_9,,
174,Antonio de Martinez,m,Non-Af,F,2_to_9,,
175,Antonio de Quesada,m,Non-Af,F,1,,
176,Antonio del Corte Real,m,WCA,S,1,,
177,Antonio Garcia,m,WA,S,1,,
178,Antonio Garcia,m,WA,F,2_to_9,,
179,Antonio Gomez,m,Non-Af,F,1,,
180,Antonio Hernandez,m,WCA,S,642,,
181,Antonio Hernandez,m,creole,S,642,,
182,Antonio Hernandez,m,unkBlack,S,2_to_9,,
183,Antonio Juarez,m,WA,S,2_to_9,,
184,Antonio Lopez,m,WCA,S,2_to_9,,
185,Antonio Parrales,m,Non-Af,F,1,,
186,Antonio Perez,m,unkBlack,S,1,,
187,Antonio Sardina,m,creole,S,1,,
188,Antonio Vasquez,m,Non-Af,F,2_to_9,,
189,Baltazar,m,WA,S,1,,
190,Baltazar,m,WCA,S,642,,
191,Baltazar,m,creole,S,1,,
192,Baltazar de los Reyes,m,WCA,S,2_to_9,,
193,Bartolome,m,WCA,S,642,,
194,Bartolome,m,WCA,S,642,,
195,Bartolome,m,WCA,S,1,,
196,Bartolome,m,WCA,S,2_to_9,,
197,Bartolome de Mesa,m,WCA,S,642,Bartolomé de Mesa (Herrera),Bartolomé de Mesa (Herrera)
198,Bartolome,m,WCA,S,642,,
199,Bartolome,m,WCA,S,642,,
201,Bartolome,m,WA,S,1,,
202,Bartolome,m,WCA,S,642,,
203,Bartolome,m,WCA,S,1,,
204,Bartolome,m,WCA,S,642,,
205,Bartolome de la Cruz,m,WCA,S,2_to_9,,
207,Bartolome de San Pedro,m,Non-Af,F,642,,
208,Bartolome Diaz,m,Asian,F,1,,
209,Bartolome Manuel,m,WCA,S,2_to_9,,
210,Bartolome Marquez,m,creole,F,2_to_9,,
211,Beatriz,f,WCA,S,1,,
212,Beatriz,f,WCA,S,642,,
213,Beatriz,f,Non-Af,F,1,,
214,Beatriz de Mansilla,f,WCA,S,2_to_9,,
215,Bernabe Gomez,m,Non-Af,F,2_to_9,,
216,Bernabe Mendez,m,Non-Af,F,1,,
217,Bernardina Duran,f,WCA,S,1,,
218,Brijida,f,WA,S,1,,
219,Catalina,f,WCA,S,1,,
220,Catalina,f,WCA,S,642,,
221,Catalina,f,Unk,S,2_to_9,,
222,Catalina,f,WCA,S,2_to_9,,
223,Catalina,f,WCA,S,1,,
224,Catalina,f,WCA,S,1,,
225,Catalina,f,unkBlack,S,1,,
226,Catalina,f,WCA,S,2_to_9,,
227,Catalina,f,WCA,S,2_to_9,,
228,Catalina,f,WCA,S,642,,
229,Catalina,f,WCA,S,1,,
230,Catalina,f,WCA,S,642,,
231,Catalina,f,WCA,S,642,,
232,Catalina,f,WCA,S,2_to_9,,
233,Catalina,f,WCA,S,642,,
234,Catalina,f,WCA,S,120,,
235,Catalina,f,WCA,S,642,,
236,Catalina,f,WCA,S,1,,
237,Catalina,f,unkBlack,S,120,,
238,Catalina,f,WCA,S,2_to_9,,
239,Catalina,f,WCA,S,120,,
240,Catalina,f,WCA,S,1,,
241,Catalina,f,WCA,S,642,,
242,Catalina,f,WCA,S,642,,
243,Catalina,f,WCA,S,2_to_9,,
244,Catalina,f,WCA,S,642,,
245,Catalina,f,WCA,S,2_to_9,,
246,Catalina,f,WCA,S,642,,
247,Catalina,f,WCA,S,2_to_9,,
248,Catalina,f,WCA,S,1,,
249,Catalina,f,WCA,S,120,,
250,Catalina,f,WA,S,2_to_9,,
251,Catalina,f,WCA,S,1,,
252,Catalina,f,WCA,S,1,,
253,Catalina,f,WCA,S,642,,
254,Catalina,f,WCA,S,1,,
255,Catalina de Espinosa,f,WA,S,1,,
256,Catalina de la Cruz,f,WCA,S,1,,
257,Catalina de la Cruz,f,creole,F,642,,
258,Catalina de la Encarnacion,f,WCA,S,1,,
259,Catalina de lo Angeles,f,WCA,S,642,,
260,Catalina de San Nicolas,f,creole,F,1,,
261,Catalina de Teresa,f,creole,F,1,,
262,Catalina de Torres,f,Non-Af,F,1,,
263,Cecelia de Silva,f,Non-Af,F,1,,
264,Ciaria,f,WCA,S,1,,
265,Clara de Cuevas,f,creole,S,1,,
266,Clara de la Cruz,f,WCA,S,1,,
267,Clara de San Bernardo,f,WCA,S,1,,
268,Cristina,f,WCA,S,642,,
269,Cristina,f,WCA,S,1,,
270,Cristina,f,WCA,S,1,,
271,Cristina,f,WCA,S,642,,
272,Cristina,f,WCA,S,1,,
273,Cristina,f,WCA,S,642,,
274,Cristina,f,WCA,S,1,,
275,Cristina de la Cruz,f,WCA,S,2_to_9,,
276,Cristobal,m,WCA,S,1,,
277,Cristobal,m,WA,S,1,,
278,Cristobal,m,WCA,S,1,,
279,Cristobal,m,WA,S,1,,
280,Cristobal Moreno,m,WCA,S,2_to_9,,
281,Cristobal,m,WA,S,2_to_9,,
282,Cristobal,m,WCA,S,642,,
283,Cristobal,m,WCA,S,1,,
284,Cristobal,m,WCA,S,1,,
285,Cristobal,m,WCA,S,642,,
286,Cristobal,m,WCA,S,120,,
287,Cristobal,m,WCA,S,2_to_9,,
288,Cristobal,m,WCA,S,642,,
289,Cristobal,m,WCA,S,1,,
290,Cristobal de Jesus,m,WCA,S,2_to_9,,
291,Cristobal de Jesus,m,WA,S,1,,
292,Cristobal de Santana,m,creole,S,1,,
294,Damian,m,WCA,S,1,,
295,Diego,m,WCA,S,120,,
296,Diego,m,WCA,S,642,,
297,Diego,m,WCA,S,1,,
298,Diego,m,WA,S,2_to_9,,
299,Diego,m,WA,S,2_to_9,,
301,Diego,m,WCA,S,2_to_9,,
302,Diego,m,WCA,S,120,,
303,Diego,m,WCA,S,2_to_9,,
304,Diego,m,WCA,S,2_to_9,,
305,Diego,m,WCA,S,2_to_9,,
306,Diego,m,WCA,S,2_to_9,,
307,Diego,m,unkBlack,S,1,,
308,Diego de Aranda,m,Non-Af,F,1,,
309,Diego de Aviles,m,non-Af,F,1,,
310,Diego de campos,m,creole,S,1,,
311,Diego de Cobarrubias,m,creole,S,2_to_9,,
312,Diego de Espinosa,m,creole,F,1,,
313,Diego de la Cruz,m,WCA,S,1,,
314,Diego de la Cruz,m,WCA,S,2_to_9,,
315,Diego de la Cruz,m,WCA,S,1,,
316,Diego de la Cruz,m,WCA,S,2_to_9,,
317,Diego de Leyva,m,Non-Af,F,1,,
318,Diego de Mendoza,m,Non-Af,F,642,,
319,Diego de Saavedra,m,creole,S,1,,
320,Diego de Santa Ana,m,creole,S,1,,
321,Diego de Solis,m,creole,S,1,,
322,Diego de Torres,m,WCA,S,1,,
323,Diego de Uceta,m,creole,S,1,,
324,Diego del Osso y Santa Cruz,m,WCA,S,1,,
325,Diego Gaspar,m,creole,S,1,,
326,Diego Gutierrez,m,Non-Af,F,1,,
327,Diego Hernandez,m,WA,S,642,,
328,Diego Hernandez,m,WCA,S,1,,
329,Diego Joachin,m,creole,S,1,,
330,Diego Lopez,m,Non-Af,F,1,,
331,Diego Manuel,m,WCA,S,1,,
332,Diego Marin,m,creole,S,2_to_9,,
333,Diego Moreno,m,WCA,S,2_to_9,,
334,Diego Perez,m,creole,S,1,,
335,Diego Rios,m,creole,F,1,,
336,Dominga,f,WCA,S,1,,
337,Dominga,f,WA,S,1,,
338,Dominga,f,WCA,S,2_to_9,,
339,Dominga,f,creole,F,642,,
340,Dominga de San Nicolas,f,WCA,S,1,,
341,Domingo,m,WCA,S,642,,
342,Domingo,m,WCA,S,642,,Domingo (Almonci)
343,Domingo,m,WCA,S,2_to_9,,
344,Domingo,m,WCA,S,1,,
345,Domingo,m,WCA,S,2_to_9,,
346,Domingo,m,WCA,S,2_to_9,,
347,Domingo,m,WCA,S,642,,Domingo (Cisneros)
348,Domingo,m,WCA,S,2_to_9,,
349,Domingo,m,WCA,S,2_to_9,,
350,Domingo,m,WA,S,642,,
351,Domingo,m,WCA,S,642,,
352,Domingo,m,WCA,S,1,,
353,Domingo,m,WCA,S,642,,
354,Domingo,m,WA,S,2_to_9,,
355,Domingo,m,WCA,S,1,,
356,Domingo,m,WCA,S,1,,
357,Domingo,m,WCA,S,642,,
358,Domingo,m,WCA,S,120,,
359,Domingo,m,WCA,S,1,,
360,Domingo,m,WA,S,1,,
361,Domingo de la Cruz,m,WCA,S,2_to_9,,
362,Domingo,m,WCA,S,642,,
363,Domingo,m,WA,S,2_to_9,,
364,Domingo,m,WCA,S,642,,
365,Domingo,m,WCA,S,120,,
366,Domingo,m,unkBlack,S,1,,
367,Domingo,m,WCA,S,120,,
368,Domingo,m,WCA,S,1,,
369,Domingo,m,WCA,S,642,,
370,Domingo,m,WCA,S,642,,
371,Domingo de la Cruz,m,WCA,S,120,Domingo de la Cruz (Torrijos),Domingo de la Cruz (Torrijos)
372,Domingo,m,WCA,S,642,,
373,Domingo,m,WCA,S,120,,
374,Domingo,m,WA,S,2_to_9,,
375,Domingo,m,WCA,S,1,,
376,Domingo,m,WCA,S,2_to_9,,
377,Domingo Antonio,m,creole,F,1,,
378,Domingo de la Cruz,m,unkBlack,S,1,,
379,Domingo de la Cruz,m,WCA,S,642,,
381,Domingo de la Cruz,m,WCA,S,1,,
382,Domingo de la Cruz,m,WCA,S,642,,
383,Domingo de la Cruz,m,WCA,S,1,,
385,Domingo de la Cruz,m,WCA,S,1,,
386,Domingo de Santiago,m,WCA,S,642,Domingo de Santiago (Franco),Domingo de Santiago (Franco)
387,Domingo Hernandez,m,Non-Af,F,1,,
388,Domingo Juarez,m,creole,S,1,,
389,Domingo Juarez,m,WCA,S,1,,
390,Domingo Moreno,m,WCA,S,642,,
391,Dorotea,f,WCA,S,642,,
392,Dorotea,f,WCA,S,642,,
393,Dorotea Malavez,f,WCA,S,2_to_9,,
394,Elena,f,unkBlack,S,120,,
395,Elena de la Cruz,f,creole,S,1,,
396,Elena de la Cruz,f,creole,S,2_to_9,,
397,Elena de la Cruz,f,Non-Af,F,1,,
398,Elvira,f,Non-Af,F,1,,
399,Esperanza,f,Unk,S,1,,
400,Esperanza,f,WCA,S,642,,
401,Esperanza,f,WCA,S,642,,
402,Esperanza,f,WCA,S,1,,
403,Esperanza,f,WCA,S,642,,Esperanza (Garcia)
404,Esperanza,f,WCA,S,642,,
405,Esperanza,f,WCA,S,642,,
406,Esperanza,f,WCA,S,1,,
407,Esperanza,f,WCA,S,1,,
408,Esperanza,f,WCA,S,1,,
409,Esperanza,f,WCA,S,120,,
410,Esperanza,f,WCA,S,642,,
411,Esperanza,f,WCA,S,2_to_9,,
412,Esperanza,f,WCA,S,1,,
413,Esperanza,f,WA,F,2_to_9,,
414,Esteban,m,WCA,S,2_to_9,,
415,Esteban Lopez,m,Asian,S,1,,
416,Eugenio,m,creole,S,1,,
417,Fabiana,f,WCA,S,120,,
418,Feliciana,f,WCA,S,642,,
419,Feliciano,m,Asian,S,1,,
420,Felipa,f,WCA,S,1,,
421,Felipa,f,WCA,S,2_to_9,,
422,Felipa,f,WCA,S,2_to_9,,
423,Felipa,f,WA,S,1,,
424,Felipa,f,WCA,S,1,,
425,Felipa,f,WCA,S,642,,
426,Felipa,f,WCA,S,1,,
427,Felipa,f,WCA,S,1,,
428,Felipa,f,WCA,S,642,,
429,Felipa,f,WCA,S,1,,
430,Felipa,f,WCA,S,642,,
431,Felipa,f,unkBlack,S,642,,
432,Felipa,f,WCA,S,2_to_9,,
433,Felipe,m,WCA,S,642,,
434,Felipe,m,unkBlack,S,2_to_9,,
435,Felipe,m,unkBlack,S,1,,
436,Felipe,m,WCA,S,2_to_9,,
437,Felipe,m,WCA,S,2_to_9,,
438,Felipe de la Cruz,m,WCA,S,642,,
439,Felipe,m,WCA,S,2_to_9,,
440,Felipe,m,WA,S,1,,
441,Felipe de la Cruz,m,WCA,S,1,,
443,Felipe de Ribera,m,WA,S,1,,
444,Francisca,f,WCA,S,2_to_9,,
445,Francisca,f,WCA,S,642,,
446,Francisca,f,WCA,S,642,Francisca (Garcia),
447,Francisca,f,WCA,S,1,,
448,Francisca,f,WCA,S,2_to_9,,
449,Francisca,f,WCA,S,1,,
450,Francisca,f,WCA,S,2_to_9,,
451,Francisca,f,WCA,S,642,,
452,Francisca Carrillo,f,creole,F,1,,
453,Francisca de la Concepcion,f,WCA,S,2_to_9,,
454,Francisca de la Cruz,f,WCA,S,642,,
455,Francisca de la Trinidad,f,WCA,S,2_to_9,,
456,Francisca de San Joseph,f,Non-Af,F,1,,
457,Francisca de Santa Teresa,f,Non-Af,F,1,,
458,Francisca de Vellenias,f,creole,F,1,,
459,Francisca Gonzalez de la Bara,f,creole,F,1,,
460,Francisco,m,WCA,S,2_to_9,,
461,Francisco,m,WCA,S,1,,
462,Francisco,m,WCA,S,642,,
463,Francisco,m,WCA,S,1,,
464,Francisco,m,WCA,S,2_to_9,,
465,Francisco,m,WCA,S,1,,
466,Francisco,m,WCA,S,1,,
467,Francisco,m,WCA,S,2_to_9,,
468,Francisco,m,WCA,S,642,,
469,Francisco,m,WCA,S,642,,
470,Francisco,m,WA,S,2_to_9,,
471,Francisco,m,WA,S,1,,
472,Francisco,m,WCA,S,1,,
473,Francisco,m,WCA,S,642,,
474,Francisco,m,WCA,S,1,,
475,Francisco,m,WCA,S,2_to_9,,
476,Francisco,m,WCA,S,2_to_9,,
477,Francisco,m,WCA,S,642,,
478,Francisco,m,WCA,S,642,,
479,Francisco,m,creole,S,1,,
480,Francisco,m,WCA,S,642,,
481,Francisco,m,WCA,S,642,,
482,Francisco,m,WCA,S,2_to_9,,
483,Francisco,m,WA,S,1,,
484,Francisco,m,WCA,S,642,,
485,Francisco,m,WCA,S,642,,
486,Francisco,m,WA,S,1,,
487,Francisco,m,unkBlack,S,1,,
488,Francisco,m,WCA,S,120,,
489,Francisco,m,WCA,S,2_to_9,,
490,Francisco,m,unkBlack,S,1,,
491,Francisco,m,WCA,S,642,,
492,Francisco,m,WCA,S,2_to_9,,
493,Juan (Francisco),m,WCA,S,1,,
494,Francisco,m,WCA,S,1,,
495,Francisco,m,WCA,S,1,,
496,Francisco,m,WCA,S,642,,
497,Francisco,m,WCA,S,2_to_9,,
498,Francisco,m,WCA,S,2_to_9,,
499,Francisco,m,WCA,S,642,,
500,Francisco,m,WA,S,2_to_9,,
501,Francisco,m,WCA,S,642,Francisco (Herrera y Orta),Francisco (Herrera y Orta)
502,Francisco,m,WA,S,1,,
503,Francisco,m,WCA,S,642,Francisco (Concepción),Francisco (Concepción)
504,Francisco,m,WA,S,120,,
505,Francisco,m,WCA,S,1,,
506,Francisco,m,WCA,S,1,,
507,Francisco,m,WCA,S,1,,
508,Francisco,m,WCA,S,642,,
509,Francisco,m,WA,S,1,,
510,Francisco,m,WCA,S,1,,
511,Francisco,m,WCA,S,1,,
512,Francisco,m,WCA,S,2_to_9,,
513,Francisco,m,WCA,S,642,,
514,Francisco,m,creole,S,2_to_9,,
515,Francisco,m,WCA,S,1,,
516,Francisco,m,WCA,S,1,,
517,Francisco,m,WCA,S,1,,
518,Francisco,m,WCA,S,1,,
519,Francisco,m,WCA,S,642,Francisco (Nuñez),Francisco (Nuñez)
520,Francisco,m,WCA,S,642,,
521,Francisco,m,WCA,S,120,,
522,Francisco,m,WA,S,1,,
523,Francisco,m,WCA,S,642,,
524,Francisco,m,WA,S,2_to_9,,
525,Francisco,m,WCA,S,120,,
526,Francisco,m,WCA,S,1,,
527,Francisco,m,WCA,S,1,,
528,Francisco,m,WCA,S,642,,
529,Francisco de la Cruz,m,WCA,S,642,,
530,Francisco,m,WCA,S,1,,
531,Francisco,m,WCA,S,1,,
532,Francisco,m,WCA,S,1,,
533,Francisco,m,WCA,S,642,,
534,Francisco,m,WCA,S,642,,
536,Francisco,m,WCA,S,120,,
538,Francisco,m,WCA,S,2_to_9,,
539,Francisco,m,WCA,S,642,,
540,Francisco,m,WCA,S,642,,
541,Francisco,m,WCA,S,1,,
542,Francisco,m,WCA,S,642,,
543,Francisco,m,WCA,S,2_to_9,,
545,Francisco,m,WCA,S,1,,
546,Francisco,m,WCA,S,120,,
547,Francisco,m,WCA,S,2_to_9,,
548,Francisco,m,WCA,S,2_to_9,,
549,Francisco,m,WA,S,1,,
550,Francisco,m,WA,S,1,,
551,Francisco,m,WCA,S,2_to_9,,
552,Francisco,m,WCA,S,1,,
553,Francisco,m,WCA,S,642,,
554,Francisco,m,WCA,S,1,,
555,Francisco,m,WCA,S,2_to_9,,
556,Francisco,m,WCA,S,1,,
557,Francisco,m,WCA,S,642,,
558,Francisco Antonio,m,WCA,S,1,,
559,Francisco Davila,m,creole,F,2_to_9,,
560,Francisco de Cuyoacann,m,WCA,F,1,,
561,Francisco de la Cruz,m,WCA,S,1,,
562,Francisco de la Cruz,m,WCA,S,2_to_9,,
564,Francisco de la Cruz,m,WCA,S,642,,
565,Francisco de la Cruz,m,WA,S,2_to_9,,
566,Francisco de la Cruz,m,WCA,S,1,,
567,Francisco de la Cruz,m,WCA,S,642,,
568,Francisco de la Cruz,m,WCA,S,642,,
570,Francisco de la Cruz,m,WCA,S,2_to_9,,
571,Francisco de la Cruz,m,WCA,S,1,,
572,Francisco de la Cruz,m,WCA,S,120,,
573,Francisco de la Cruz,m,WCA,F,2_to_9,,
574,Francisco de Meneses,m,WA,S,1,,
575,Francisco de Monroy,m,Non-Af,F,1,,
576,Francisco de Pineda,m,Non-Af,F,2_to_9,,
577,Francisco de Santana,m,WA,F,1,,
578,Francisco de Silva,m,WA,S,2_to_9,,
579,Francisco de Villesillo,m,WA,S,1,,
580,Francisco Hernandez,m,WCA,S,2_to_9,,
581,Francisco Hernandez,m,Non-Af,F,1,,
582,Francisco Leyton,m,WCA,S,2_to_9,,
583,Francisco Perez,m,creole,F,1,,
584,Francisco Rodriguez,m,Non-Af,F,1,,
585,Franciso,m,WA,S,1,,
586,Garcia,m,WA,S,2_to_9,,
587,Garcia,m,WCA,S,642,,
588,Garcia,m,WCA,S,120,,
589,Garcia,m,WCA,S,642,,
590,Garcia,m,WCA,S,1,,
591,Gaspar,m,WCA,S,1,,
592,Gaspar,m,WCA,S,642,,
593,Gaspar,m,WCA,S,1,,
594,Gaspar,m,WA,S,1,,
595,Gaspar,m,WCA,S,1,,
596,Gaspar,m,WCA,S,2_to_9,,
597,Gaspar,m,WCA,S,1,,
598,Gaspar,m,WCA,S,2_to_9,,
599,Gaspar,m,WCA,S,642,,
600,Gaspar,m,WCA,S,642,,
601,Gaspar,m,WCA,S,2_to_9,,
602,Gaspar,m,WCA,F,642,,
603,Gaspar Alfonzo,m,creole,S,1,,
604,Gaspar de la Cruz,m,WCA,S,1,,
605,Gaspar de la Cruz,m,WCA,S,2_to_9,,
606,Gaspar de la Cruz,m,WCA,S,1,,
607,Gaspar de los Reyes,m,WCA,S,642,,
608,Gaspar de los Reyes,m,WCA,S,2_to_9,,
609,Gaspar de Molina,m,WA,S,1,,
610,Gaspar de Prado,m,Non-Af,F,1,,
611,Gaspar Diaz,m,WCA,S,2_to_9,,
612,Gaspar Hernandez,m,unkBlack,F,642,,
613,Gaspar Ramirez,m,Non-Af,F,1,,
614,Geronima Agustina,f,Non-Af,F,1,,
615,Geronimo de la Cruz,m,WCA,S,642,,
616,Geronimo Bravo,m,creole,F,1,,
618,Gertrudis de San Nicolas,f,creole,S,1,,
619,Gonzalo,m,WCA,S,2_to_9,,
620,Gonzalo,m,WCA,S,1,,
621,Gonzalo,m,WCA,S,642,,
622,Gonzalo,m,WCA,S,1,,
623,Gonzalo,m,WCA,S,2_to_9,,
624,Gracia,f,WCA,S,1,,
625,Gracia,f,WCA,S,1,,
626,Gracia,f,WCA,S,642,,
627,Gracia,f,WCA,S,642,,
628,Gracia,f,WCA,S,1,,
629,Gracia,f,WCA,S,642,,
630,Gracia,f,WCA,S,1,,
631,Gracia,f,WCA,S,642,,
632,Gracia,f,WCA,S,1,,
633,Gracia,f,WCA,S,2_to_9,,
634,Gracia,f,WCA,S,120,,
635,Gracia,f,WCA,S,642,,
636,Gracia,f,WCA,S,642,,
637,Gracia,f,WCA,S,642,,
638,Gracia,f,WCA,S,2_to_9,,
639,Gracia,f,WCA,S,2_to_9,,
640,Gracia,f,WCA,S,2_to_9,,
641,Gracia,f,WCA,S,2_to_9,,
642,Gracia,f,WCA,S,2_to_9,,
643,Gracia de la Cruz,f,WCA,F,642,,
644,Gracia Maria,f,WCA,S,642,,
645,Gregoria,f,WCA,S,1,,
646,gregorio,m,WCA,S,642,,
647,Gregorio,m,WCA,S,2_to_9,,
648,Gregorio,m,WCA,S,1,,
649,Gregorio,m,WCA,S,2_to_9,,
650,Gregorio,m,WCA,S,2_to_9,,
651,Gregorio,m,unkBlack,S,2_to_9,,
652,Gregorio de la Cruz,m,WCA,S,642,,
653,Gregorio de la Cruz,m,unkBlack,S,642,,
654,Hernando,m,WCA,S,642,,
655,Hernando,m,WCA,S,2_to_9,,
656,Hypolita de la Cruz,f,WCA,S,1,,
657,Ines,f,WCA,S,1,,
658,Ines,f,WCA,S,2_to_9,,
659,Ines,f,WCA,S,2_to_9,,
660,Ines,f,WA,S,1,,
661,Ines,f,WCA,S,2_to_9,,
662,Ines de la Cruz,f,WCA,S,1,,
663,Isabel,f,WA,S,2_to_9,,
664,Isabel,f,WCA,S,1,,
665,Isabel,f,WCA,S,1,,
666,Isabel,f,WCA,S,2_to_9,,
667,Isabel,f,WCA,S,2_to_9,,
668,Isabel,f,WCA,S,642,,Isabel (Figeroa)
669,Isabel,f,WCA,S,1,,
670,Isabel,f,WCA,S,120,,
671,Isabel,f,WCA,S,1,,
672,Isabel,f,WCA,S,2_to_9,,
673,Isabel,f,WCA,S,1,,
674,Isabel,f,creole,S,1,,
675,Isabel,f,WCA,S,2_to_9,,
676,Isabel,f,WCA,S,120,,
677,Isabel,f,WCA,S,1,,
678,Isabel,f,WCA,S,2_to_9,,
679,Isabel,f,WCA,S,2_to_9,,
680,Isabel,f,WCA,S,642,,
681,Isabel,f,WA,S,1,,
682,Isabel,f,WCA,S,1,,
683,Isabel,f,WCA,S,1,,
684,Isabel,f,WCA,S,1,,
685,Isabel,f,WCA,S,642,,
686,Isabel,f,WCA,S,1,,
687,Isabel,f,WA,S,1,,
688,Isabel,f,WCA,S,1,,
689,Isabel,f,WCA,S,2_to_9,,
690,Isabel,f,WCA,S,1,,
691,Isabel,f,WCA,S,642,,
692,Isabel,f,WCA,S,120,,
693,Isabel,f,WCA,S,642,,
694,Isabel,f,WA,S,2_to_9,,
695,Isabel,f,WCA,S,120,,
696,Isabel,f,WCA,S,642,,
697,Isabel,f,WCA,S,642,,
698,Isabel,f,WCA,S,642,,
699,Isabel,f,WCA,S,120,,
700,Isabel,f,WCA,S,2_to_9,,
701,Isabel,f,creole,F,1,,
702,Isabel Cano,f,WA,F,1,,
703,Isabel de la Cruz,f,WCA,S,2_to_9,,
704,Isabel de la Cruz,f,creole,S,1,,
705,Isabel de la Cruz,f,WCA,S,2_to_9,,
706,Isabel de la Cruz,f,WCA,S,2_to_9,,
707,Isabel de la Cruz,f,WCA,S,1,,
708,Isabel de la Cruz,f,WCA,S,642,,
709,Isabel de Mendoza,f,creole,F,1,,
710,Isabel de Yllescas,f,WCA,S,1,,
711,Isabel Gonzales,f,Unk,S,1,,
712,Isabel Maria,f,WCA,S,2_to_9,,
713,Jacinta,f,WCA,S,1,,
714,Jacinta,f,WCA,S,642,,
715,Jacinta de la Cruz,f,creole,F,2_to_9,,
716,Jacinto,m,WCA,S,2_to_9,,
717,Jacinto,m,WCA,S,642,,
718,Jacinto de Aldana,m,Non-Af,F,1,,
719,Jacinto de Mora,m,WCA,S,2_to_9,,
720,Jacinto de Salazar,m,creole,S,2_to_9,,
721,Jacinto de Torres,m,Asian,S,1,,
722,Jorge,m,WCA,S,120,,
723,Jorge Lopez,m,WCA,S,1,,
724,Joseph,m,WCA,S,642,,
725,Joseph,m,WCA,S,1,,
726,Joseph,m,WCA,S,642,,
727,Joseph de la Cruz,m,creole,S,1,,
728,Joseph de la Cruz,m,WCA,S,1,,
729,Joseph de la Cruz,m,WA,S,2_to_9,,
730,Joseph de Ortega,m,creole,S,1,,
731,Joseph de Tovar,m,creole,S,1,,
732,Josepha de la Cruz,f,Non-Af,F,1,,
733,Juan,m,WCA,S,120,,
734,Juan,m,WCA,S,642,,
735,Juan,m,WCA,S,642,,
736,Juan,m,WCA,S,1,,
737,Juan,m,WCA,S,642,,
738,Juan,m,WCA,S,120,,
739,Juan,m,WCA,S,1,,
740,Juan,m,WA,S,1,,
741,Juan,m,WCA,S,642,,
742,Juan,m,WCA,S,642,,
743,Juan,m,WCA,S,2_to_9,,
744,Juan,m,WCA,S,642,,
745,Juan,m,WCA,S,2_to_9,,
746,Juan,m,WA,S,1,,
747,Juan,m,WCA,S,642,,
748,Juan,m,WA,S,2_to_9,,
749,Juan,m,WCA,S,642,,
750,Juan,m,WCA,S,1,,
751,Juan,m,WCA,S,1,,
752,Juan,m,WCA,S,2_to_9,,
753,Juan,m,unkBlack,S,120,,
755,Juan,m,WCA,S,642,,
756,Juan,m,WCA,S,642,,
757,Juan,m,WCA,S,642,,
758,Juan,m,WCA,S,1,,
759,Juan,m,WCA,S,120,,
760,Juan,m,WCA,S,1,,
761,Juan,m,WCA,S,642,,
762,Juan Chico,m,WCA,S,642,,
763,Juan de la Cruz,m,WCA,S,642,,
764,Juan,m,WCA,S,642,,
765,Juan,m,WCA,S,1,,
766,Juan,m,WCA,S,2_to_9,,
767,Juan,m,WCA,S,1,,
768,Juan,m,WCA,S,642,,Juan (Lopéz)
769,Juan,m,WCA,S,642,,
770,Juan,m,WCA,S,1,,
771,Juan,m,WCA,S,642,,
772,Juan,m,WCA,S,642,,
773,Juan,m,WCA,S,1,,
774,Juan,m,WCA,S,1,,
775,Juan,m,WCA,S,1,,
776,Juan,m,WA,S,1,,
777,Juan,m,WCA,S,642,,
778,Juan Francisco,m,WCA,S,642,Juan Francisco (Paz Cortez),Juan Francisco (Paz Cortez)
779,Juan,m,WCA,S,1,,
780,Juan,m,WCA,S,1,,
781,Juan,m,WCA,S,1,,
782,Juan,m,WCA,S,2_to_9,,
784,Juan,m,WCA,S,1,,
785,Juan,m,WCA,S,1,,
786,Juan,m,WCA,S,1,,
787,Juan,m,WCA,S,2_to_9,,
788,Juan,m,WCA,S,1,,
789,Juan,m,WCA,S,642,,Juan (Solis)
790,Juan,m,WCA,S,1,,
791,Juan,m,unkBlack,S,642,,
792,Juan,m,WCA,S,2_to_9,,
793,Juan,m,WA,S,1,,
794,Juan Agustin Hernandez,m,WCA,S,1,,
795,Juan Baptista,m,WCA,S,642,,
796,Juan Baptista,m,creole,F,1,,
797,Juan baptista de la Cruz,m,WCA,S,1,,
798,Juan Baptista de la Cruz,m,creole,F,1,,
799,Juan Batista de la Cruz,m,creole,F,2_to_9,,
800,Juan bautista,m,WCA,S,1,,
801,Juan bautista,m,creole,S,1,,
802,Juan Bautista,m,WA,S,1,,
803,Juan Bautista,m,Non-Af,F,642,,
804,Juan Caroto,m,creole,S,2_to_9,,
806,Juan Coreno,m,Unk,S,1,,
807,Juan de Alvarado,m,creole,S,1,,
808,Juan de Astudillo Macuelo,m,Non-Af,F,1,,
809,Juan de Carmona,m,creole,F,1,,
810,Juan de Castellanos,m,creole,S,1,,
811,Juan de Causedo,m,WCA,S,2_to_9,,
812,Juan de Cuebas,m,WCA,S,642,,
813,Juan de Escamilla,m,WCA,S,1,,
814,Juan de Estrada,m,creole,F,1,,
815,Juan de Guzman,m,WCA,S,2_to_9,,
816,Juan de la Cruz,m,WCA,S,1,,
817,Juan de la Cruz,m,WCA,S,1,,
818,Juan de la Cruz,m,WCA,S,1,,
819,Juan de la Cruz,m,WCA,S,1,,
820,Juan de la Cruz,m,WCA,S,120,,
821,Juan de la Cruz,m,WA,S,1,,
822,Juan de la Cruz,m,WCA,S,1,,
823,Juan de la Cruz,m,WCA,S,2_to_9,,
824,Juan de la Cruz,m,WCA,S,2_to_9,,
826,Juan de la Cruz,m,WA,S,1,,
827,Juan de la Cruz,m,WCA,S,2_to_9,,
828,Juan de la Cruz,m,WCA,S,2_to_9,,
829,Juan de la Cruz,m,WCA,S,1,,
830,Juan de la Cruz,m,WCA,S,120,,
831,Juan de la Cruz,m,WCA,S,2_to_9,,
832,Juan de la Cruz,m,unkBlack,S,1,,
833,Juan de la Cruz,m,WCA,S,120,,
834,Juan de la Cruz,m,unkBlack,F,642,,
835,Juan de la Vega,m,creole,S,1,,
836,Juan de Lomas,m,WCA,S,1,,
837,Juan de los Santos,m,WCA,S,1,,
838,Juan de Medina,m,creole,S,2_to_9,,
839,Juan de Mendoza,m,WCA,S,642,,
840,Juan de Montano,m,Non-Af,F,1,,
841,Juan de Morales,m,creole,F,1,,
842,Juan de Peru,m,WCA,S,1,,
843,Juan de Rojas,m,Unk,F,2_to_9,,
844,Juan de Soto,m,Non-Af,F,1,,
845,Juan de Torres,m,WCA,S,1,,
846,Juan Domingo,m,WCA,S,1,,
847,Juan Esteban,m,WCA,S,1,,
848,Juan Esteban de San Diego,m,WCA,S,2_to_9,,
849,Juan Felipe,m,creole,S,642,,
851,Juan Francisco,m,WCA,S,2_to_9,,
852,Juan Francisco,m,WA,S,1,,
854,Juan Francisco,m,creole,S,2_to_9,,
855,Juan Franco,m,creole,F,2_to_9,,
856,Juan Garcia,m,WCA,S,642,,
857,Juan Gonzalez,m,Non-Af,F,2_to_9,,
858,Juan Gutierrez,m,creole,S,1,,
859,Juan Hernandez,m,creole,S,1,,
860,Juan Hernandez,m,WA,F,2_to_9,,
861,Juan Hidalgo de Sierra,m,Non-Af,F,1,,
862,Juan Lopez,m,creole,F,1,,
863,Juan Lopez Galindo,m,creole,S,1,,
865,Juan Lucero,m,WCA,S,2_to_9,,
866,Juan Losero,m,WCA,S,2_to_9,,
867,Juan Luis,m,Non-Af,F,2_to_9,,
868,Juan Manuel,m,unkBlack,S,1,,
869,Juan Manuel,m,WCA,S,2_to_9,,
870,Juan Martin,m,WCA,S,1,,
871,Juan Martin,m,WCA,S,1,,
872,Juan Miguel,m,WCA,S,2_to_9,,
873,Juan Moreno,m,WA,S,1,,
874,Juan Navarro,m,Non-Af,F,1,,
875,Juan Pascual,m,WCA,S,1,,
876,Juan Tello,m,WA,F,1,,
877,Juana,f,WCA,S,642,,
878,Juana,f,WCA,S,642,,
879,Juana,f,WCA,S,1,,
880,Juana,f,WCA,S,1,,
881,Juana,f,WCA,S,120,,
882,Juana,f,WCA,S,1,,
883,Juana,f,WCA,S,2_to_9,,
884,Juana,f,WCA,S,642,,
885,Juana,f,creole,S,2_to_9,,
886,Juana,f,creole,F,2_to_9,,
887,Juana Cecilia,f,Non-Af,F,642,,
888,Juana de Aguilar,f,WCA,S,1,,
889,Juana de Aguirre,f,WCA,S,2_to_9,,
890,Juana de Alarcon,f,creole,S,1,,
891,Juana de Avila,f,Non-Af,F,1,,
892,Juana de Ayala,f,WCA,S,2_to_9,,
893,Juana de Jesus,f,WCA,S,2_to_9,,
894,Juana de la Cruz,f,WCA,S,1,,
895,Juana de la Cruz,f,WCA,S,642,,
896,Juana de la Cruz,f,Non-Af,F,2_to_9,,
897,Juana de la Encarnacion,f,creole,S,1,,
898,Juana de Los Angeles,f,creole,F,1,,
899,Juana de Medina,f,Non-Af,F,1,,
900,Juana de Ortega,f,creole,F,1,,
901,Juana de Rojas,f,creole,S,2_to_9,,
902,Juana de Sayavedra,f,Unk,F,1,,
903,Juana de Vellaneda,f,Non-Af,F,1,,
904,Juana Hurtado,f,creole,F,1,,
905,Juana Maria,f,Non-Af,F,2_to_9,,
906,Juliana,f,WCA,S,1,,
907,Juliana,f,WCA,S,2_to_9,,
908,Juliana,f,WCA,S,2_to_9,,
909,Juliana,f,WCA,S,1,,
910,Juliana,f,WCA,S,2_to_9,,
911,Juliana,f,WCA,S,1,,
912,Juliana de la Curz,f,WCA,S,1,,
913,Julio de la Cruz,m,WCA,S,2_to_9,,
914,Lazaro de Narvaez,m,unkBlack,F,1,,
915,Leonor,f,WCA,S,2_to_9,,
916,Leonor,f,WA,S,1,,
917,Leonor de Salamanca,f,creole,F,2_to_9,,
918,Lorenzo,m,WA,S,1,,
919,Lorenzo,m,WCA,S,1,,
920,Lorenzo Martin,m,WCA,S,1,,
921,Lorenzo Vecerra,m,Non-Af,F,1,,
922,Lucas,m,WCA,S,1,,
923,Lucas,m,WCA,S,2_to_9,,
925,Lucia,f,WCA,S,642,,
926,Lucia,f,WCA,S,642,,
927,Lucia,f,WCA,S,1,,
928,Lucia,f,WCA,S,642,,
929,Lucia,f,WCA,S,1,,
930,Lucia de la Concepcion,f,creole,F,1,,
931,Lucia de la Cruz,f,WCA,S,120,,
932,Lucia de la Cruz,f,WCA,S,642,,
933,Lucia de la Torres,f,WCA,S,642,,
934,Lucrecia,f,WCA,S,2_to_9,,
935,Lucrecia,f,WCA,S,1,,
936,Lucrecia,f,WCA,S,642,,
937,lucresia,f,WCA,S,2_to_9,,
938,Lucresia,f,WCA,S,642,,
939,Lucresia,f,unkBlack,S,120,,
940,Lucretia,f,WCA,S,2_to_9,,
941,Luis,m,WA,S,642,,
942,Luis,m,WCA,S,642,,
943,Luis,m,WCA,S,642,,
944,Luis,m,WCA,S,2_to_9,,
945,Luis,m,WCA,S,2_to_9,,
946,Luis,m,WCA,S,1,,
947,Luis,m,WCA,S,2_to_9,,
948,Luis,m,WCA,S,2_to_9,,
949,Luis,m,WCA,S,1,,
950,Luis Caballero,m,creole,S,1,,
951,Luis de Albornos,m,WA,S,1,,
952,Luis de Cuevas,m,creole,S,1,,
953,Luis de la Cruz,m,WCA,S,1,,
954,Luis de Luna,m,Non-Af,F,1,,
955,Luis de Manozca,m,WA,S,1,,
956,Luisa,f,WCA,S,642,,
957,Luisa,f,WCA,S,1,,
958,Luisa,f,WCA,S,2_to_9,,
959,Luisa,f,WCA,S,2_to_9,,
960,Luisa,f,WCA,S,1,,
961,Luisa,f,WCA,S,120,,
962,Luisa,f,WCA,S,120,,
963,Luisa,f,WCA,S,2_to_9,,
964,Luisa,f,WCA,S,642,,
965,Luisa,f,WCA,S,2_to_9,,
966,Luisa,f,WCA,S,642,,
967,Luisa,f,WCA,S,642,,
968,Luisa,f,WCA,S,642,,
969,Luisa,f,WCA,S,1,,
970,Luisa,f,WCA,S,642,,
971,Luisa,f,WA,F,2_to_9,,
972,Luisa de Jesus,f,creole,F,2_to_9,,
973,Luisa de los Angeles,f,creole,F,1,,
974,Luisa de Santiago,f,WCA,S,2_to_9,,
975,Lusia,f,WCA,S,1,,
976,Lusiana,f,WCA,S,642,,
977,Madalena,f,WCA,S,642,,
978,Madalena,f,WCA,S,2_to_9,,
979,Madalena,f,WCA,S,642,,
980,Madalena,f,WCA,S,120,,
981,Madalena,f,WCA,S,642,,
982,Madalena,f,WCA,S,642,,
983,Madalena,f,WCA,S,642,,
984,Madalena,f,WCA,S,642,,
985,Madalena,f,WCA,S,120,,
986,Madalena,f,WCA,S,642,,
987,Madalena de la Cruz,f,WCA,S,642,,
988,Madalena de la Cruz,f,WCA,S,2_to_9,,
989,Madalena de la Cruz,f,WCA,S,1,,
990,Madalena de San Joseph,f,Non-Af,F,2_to_9,,
991,Madalena sanchez,f,creole,F,1,,
992,Maneul de Silva,m,WCA,S,1,,
993,Manuel,m,WCA,S,642,,
994,Manuel,m,WA,S,642,,
995,Manuel,m,WCA,S,1,,
996,Manuel,m,WCA,S,642,,
997,Manuel,m,WCA,S,1,,
998,Manuel,m,WCA,S,2_to_9,,
999,Manuel,m,WCA,S,1,,
1000,Manuel,m,WCA,S,2_to_9,,
1001,Manuel,m,Asian,S,1,,
1002,Manuel,m,WA,S,2_to_9,,
1003,Manuel,m,WCA,S,642,,
1004,Manuel,m,WCA,S,1,,
1005,Manuel,m,WCA,S,642,,
1006,Manuel,m,WCA,S,642,,
1007,Manuel,m,WCA,S,1,,
1008,Manuel,m,WCA,S,2_to_9,,
1009,Manuel,m,WCA,S,1,,
1010,Manuel,m,WCA,S,1,,
1011,Manuel,m,WA,S,1,,
1012,Manuel,m,WCA,S,1,,
1013,Manuel,m,WA,S,1,,
1014,Manuel,m,WA,S,2_to_9,,
1015,Manuel,m,WCA,S,642,,
1016,Manuel,m,WA,S,2_to_9,,
1017,Manuel,m,WA,S,642,Manuel (Salazar),Manuel (Salazar)
1018,Manuel,m,WCA,S,642,,
1019,Manuel,m,WCA,S,1,,
1020,Manuel,m,WCA,S,2_to_9,,
1021,Manuel,m,WCA,S,1,,
1022,Manuel,m,WCA,S,642,,
1023,Manuel,m,WCA,S,642,,
1024,Manuel,m,WCA,S,1,,
1025,Manuel,m,WCA,S,1,,
1026,Manuel,m,WCA,S,1,,
1027,Manuel,m,WCA,S,642,,
1028,Manuel,m,WCA,S,1,,
1029,Manuel,m,WCA,S,1,,
1030,Manuel,m,WCA,S,642,,
1031,Manuel,m,WCA,S,1,,
1032,Manuel Alvarez,m,Unk,S,1,,
1033,Manuel Correas,m,creole,S,1,,
1034,Manuel de Herrera,m,unkBlack,S,1,,
1035,Manuel de la Cruz,m,WCA,S,1,,
1036,Manuel de la Cruz,m,WCA,S,1,,
1037,Manuel de la Cruz,m,WCA,S,642,,
1038,Manuel de la Cruz,m,WCA,S,642,,
1039,Manuel de la Cruz,m,unkBlack,S,2_to_9,,
1040,Manuel de la Cruz,m,WCA,S,642,,
1041,Manuel de Paredes,m,WA,S,1,,
1042,Manuel de Santiago,m,WCA,S,2_to_9,,
1043,Manuel de Saucedo,m,creole,F,2_to_9,,
1044,Manuel Gonzalez,m,WCA,S,2_to_9,,
1045,Manuel Gonzalez,m,WCA,S,1,,
1046,Manuel Sanchez,m,WCA,S,1,,
1047,Manuela,f,WCA,S,642,,
1048,Marcela,f,WCA,S,1,,
1049,Marcos,m,WCA,S,642,,
1050,Marcos,m,WCA,S,642,,
1051,Marcos,m,WCA,S,642,,
1052,Marcos,m,WA,S,2_to_9,,
1053,Marcos Rico,m,Non-Af,F,1,,
1054,margarita,f,WCA,S,642,,
1055,Margarita,f,WCA,S,642,,
1056,Margarita,f,WCA,S,1,,
1057,Margarita,f,WCA,S,1,,
1058,Margarita,f,WCA,S,642,,
1059,Margarita,f,WCA,S,120,,
1060,Margarita,f,WCA,S,1,,
1061,Maria,f,WCA,S,642,,
1062,Maria,f,WCA,S,642,,Maria (Almonci)
1063,Maria,f,WA,S,1,,
1064,Maria,f,WCA,S,642,,
1065,Maria,f,WCA,S,1,,
1066,Maria,f,WCA,S,642,,
1067,Maria,f,WCA,S,1,,
1068,Maria,f,WA,S,1,,
1069,Maria,f,WCA,S,1,,
1070,Maria,f,WCA,S,2_to_9,,
1071,Maria,f,WCA,S,1,,
1072,Maria,f,WCA,S,1,,
1073,Maria,f,WA,S,1,,
1074,Maria,f,WCA,S,642,,
1075,Maria,f,WCA,S,2_to_9,,
1076,Maria,f,WCA,S,2_to_9,,
1077,Maria,f,WCA,S,120,,
1078,Maria,f,WCA,S,2_to_9,,
1079,Maria,f,WCA,S,1,,
1080,Maria,f,WCA,S,1,,
1081,Maria,f,WA,S,2_to_9,,
1082,Maria,f,WCA,S,1,,
1083,Maria,f,WA,S,1,,
1084,Maria,f,WCA,S,642,,
1085,Maria,f,WCA,S,2_to_9,,
1086,Maria,f,WA,S,1,,
1087,Maria,f,WA,S,2_to_9,,
1088,Maria,f,WCA,S,2_to_9,,
1089,Maria,f,WCA,S,642,,
1090,Maria,f,WCA,S,2_to_9,,
1091,Maria,f,WCA,S,1,,
1092,Maria,f,WCA,S,2_to_9,,
1093,Maria,f,WCA,S,120,,
1094,Maria,f,WCA,S,642,,
1095,Maria,f,WCA,S,642,,
1096,Maria,f,WCA,S,642,,
1097,Maria,f,WCA,S,2_to_9,,
1098,Maria,f,WCA,S,642,,
1099,Maria,f,WCA,S,642,,
1100,Maria,f,WCA,S,2_to_9,,
1101,Maria,f,WCA,S,1,,
1102,Maria,f,WCA,S,642,,
1103,Maria,f,WCA,S,2_to_9,,
1104,Maria,f,WA,S,2_to_9,,
1105,Maria,f,WCA,S,2_to_9,,
1106,Maria,f,WA,S,1,,
1107,Maria,f,WCA,S,1,,
1108,Maria,f,WA,S,1,,
1109,Maria,f,WCA,S,1,,
1110,Maria,f,WA,S,1,,
1111,Maria,f,WCA,S,642,,
1112,Maria,f,WCA,S,2_to_9,,
1113,Maria,f,WCA,S,1,,
1114,Maria,f,WCA,S,642,,
1115,Maria,f,WCA,S,642,,
1116,Maria,f,WCA,S,2_to_9,,
1117,Maria,f,WCA,S,1,,
1118,Maria,f,WCA,S,1,,
1119,Maria,f,WA,S,1,,
1120,Maria,f,WCA,S,642,,
1121,Maria,f,WA,S,1,,
1122,Maria,f,WA,S,2_to_9,,
1123,Maria,f,WCA,S,642,,
1124,Maria,f,WCA,S,642,,
1125,Maria,f,WCA,S,642,,
1126,Maria,f,WCA,S,1,,
1127,Maria,f,WCA,S,1,,
1128,Maria,f,WCA,S,120,,
1129,Maria,f,WCA,S,642,,
1130,Maria,f,WCA,S,1,,
1131,Maria,f,WCA,S,642,,
1132,Maria,f,WCA,S,1,,
1133,Maria,f,WA,S,642,,
1134,Maria,f,Unk,S,1,,
1135,Maria,f,WCA,S,1,,
1136,Maria,f,WCA,S,642,,
1137,Maria,f,WCA,S,2_to_9,,
1138,Maria,f,WCA,S,1,,
1139,Maria,f,WCA,S,2_to_9,,
1140,Maria,f,WA,S,1,,
1141,Maria,f,WCA,S,1,,
1142,Maria Alvarez,f,creole,F,1,,
1143,Maria de Arce,f,WA,F,1,,
1144,Maria de Caceres,f,WCA,S,1,,
1145,Maria de Gabiria,f,Non-Af,F,1,,
1146,Maria de la Cruz,f,WA,S,1,,
1147,Maria de la Cruz,f,WCA,S,642,,
1148,Maria de la Cruz,f,WCA,S,1,,
1149,Maria de la Cruz,f,WCA,S,1,,
1150,Maria de la Cruz,f,WCA,S,2_to_9,,
1151,Maria de la Cruz,f,WCA,S,642,,
1152,Maria de la Cruz,f,WCA,S,2_to_9,,
1153,Maria de la Cruz,f,WCA,S,642,,
1154,Maria de la Cruz,f,creole,S,2_to_9,,
1155,Maria de la Cruz,f,WCA,S,1,,
1156,Maria de la Cruz,f,Unk,S,1,,
1157,Maria de la Cruz,f,WCA,S,642,,
1158,Maria de la Cruz,f,WCA,S,2_to_9,,
1159,Maria de la Cruz,f,WCA,S,642,,
1160,Maria de la Cruz,f,WCA,S,1,,
1161,Maria de la Cruz,f,WCA,S,642,,
1162,Maria de la Cruz,f,WCA,F,2_to_9,,
1163,Maria de los Angeles,f,WCA,S,1,,
1164,Maria de los Reyes,f,creole,F,1,,
1165,Maria de Salinas,f,WCA,S,1,,
1166,Maria de San Andres,f,WCA,F,1,,
1167,Maria de San Jeronimo,f,Non-Af,F,1,,
1168,Maria del Torre,f,creole,F,1,,
1169,Maria Juana,f,Non-Af,F,1,,
1170,Maria Madalena,f,WCA,S,1,,
1171,Maria Madalena,f,WA,F,1,,
1172,Mariana,f,WCA,S,642,,
1173,Mariana,f,WCA,S,2_to_9,,
1174,Mariana,f,WCA,S,1,,
1175,Mariana,f,WCA,S,642,,
1176,Mariana,f,WA,F,1,,
1177,Mariana de Jesus,f,Non-Af,F,1,,
1178,Marta,f,WCA,S,1,,
1179,Marta,f,WCA,S,2_to_9,,
1180,Marta,f,WCA,S,642,,
1181,Marta,f,WCA,S,642,,
1182,Marta,f,WCA,S,642,,
1183,Marta,f,WCA,S,1,,
1184,Marta,f,WCA,S,642,,
1185,Marta de la Natividad,f,creole,F,1,,
1186,Martin,m,WCA,S,1,,
1187,Martin,m,WCA,S,1,,
1188,Martin,m,WA,S,2_to_9,,
1189,Martin,m,WCA,S,2_to_9,,
1190,Martin,m,WCA,S,642,,
1191,Mateo,m,WCA,S,2_to_9,,
1192,Mateo,m,WCA,S,1,,
1193,Mateo,m,unkBlack,S,2_to_9,,
1195,Mateo,m,WCA,S,642,,
1196,Mateo,m,WCA,S,2_to_9,,
1197,Mateo,m,unkBlack,S,2_to_9,,
1198,Mateo,m,WCA,S,1,,
1199,Mateo,m,unkBlack,S,1,,
1200,Mateo,m,WCA,S,1,,
1201,Mateo,m,WCA,S,1,,
1202,Mateo,m,WCA,S,642,,
1203,Mateo,m,WCA,S,2_to_9,,
1204,Mateo,m,WCA,S,1,,
1205,Mateo,m,WCA,S,642,,
1206,Mateo,m,WCA,S,2_to_9,,
1207,Mateo,m,WCA,S,2_to_9,,
1208,Mateo,m,WCA,S,642,,
1209,Mateo,m,WCA,S,642,,
1210,Mateo,m,WCA,S,1,,
1211,Mateo,m,WCA,S,642,,
1212,Mateo,m,WCA,S,120,,
1213,Mateo,m,WCA,S,1,,
1214,Mateo,m,WCA,S,1,,
1215,Mateo,m,WCA,S,642,,
1216,Mateo,m,WCA,S,642,,
1217,Mateo de la Cruz,m,WCA,S,2_to_9,,
1218,Mateo de la Cruz,m,WCA,S,2_to_9,,
1219,Mateo de la Cruz,m,unkBlack,S,2_to_9,,
1220,Mateo de Miranda,m,WCA,S,1,,
1221,Mateo Juarez,m,Non-Af,F,1,,
1222,Mateo Ruiz,m,unkBlack,S,2_to_9,,
1223,Mateo Ruiz,m,WCA,S,642,,
1224,Matias Hernandez,m,Non-Af,F,2_to_9,,
1225,Matias Tello,m,WCA,S,1,,
1226,Melchor,m,WCA,S,642,,
1227,Melchor,m,WCA,S,642,,
1228,Melchor,m,WCA,S,1,,
1229,Melchor,m,WCA,S,642,,
1230,Melchor,m,WCA,S,1,,
1231,Melchor,m,WCA,S,642,,
1232,Melchor de la Cruz,m,Non-Af,F,1,,
1233,Melchor de Villescas,m,Unk,F,1,,
1234,Melchor Hernandez,m,creole,F,1,,
1235,Melchora,f,creole,S,2_to_9,,
1236,Melchora de Valdes,f,creole,S,1,,
1237,Micaela,f,WCA,S,642,,
1238,Miguel,m,WCA,S,1,,
1239,Miguel,m,WCA,S,2_to_9,,
1240,Miguel,m,WCA,S,642,,
1241,Miguel,m,WCA,S,1,,
1242,Miguel,m,WCA,S,1,,
1243,Miguel,m,WCA,S,2_to_9,,
1244,Miguel,m,WCA,S,2_to_9,,
1245,Miguel,m,WCA,S,120,,
1246,Miguel,m,WCA,S,642,,
1247,Miguel,m,WCA,S,1,,
1249,Miguel,m,WCA,S,120,,
1250,Miguel,m,WCA,S,642,,
1251,Miguel,m,WCA,S,2_to_9,,
1252,Miguel,m,WCA,S,1,,
1253,Miguel,m,WCA,S,642,,
1254,Miguel,m,WCA,S,642,,
1255,Miguel de Anguâ€¦,m,Non-Af,F,1,,
1256,Miguel de la Cruz,m,WCA,S,642,,
1257,Miguel de la Cruz,m,WCA,S,120,,
1258,Miguel de la Cruz,m,WCA,S,120,,
1259,Miguel de los Angeles,m,WCA,S,642,,
1260,Miguel de Silva,m,WCA,S,1,,
1261,Miguel Diaz,m,Asian,S,1,,
1262,Miguel Gonzalo,m,WCA,S,1,,
1263,Monica,f,Asian,S,642,,
1264,Monica,f,WCA,S,120,Mónica (Lorenzana),Mónica (Lorenzana)
1265,Monica,f,WCA,S,1,,
1266,Monica,f,WCA,S,642,,
1267,Nicolas,m,WA,S,1,,
1268,Nicolas,m,WA,S,1,,
1269,Nicolas,m,WA,S,1,,
1270,Nicolas,m,creole,S,1,,
1271,Nicolas,m,WA,S,642,,
1272,Nicolas,m,WA,F,642,,
1273,Nicolas Bravo,m,creole,S,1,,
1274,Nicolas de Contreras,m,creole,F,1,,
1275,Nicolas de Irolo,m,WCA,S,642,,
1276,Nicolas de la Cruz,m,WCA,S,1,,
1277,Nicolas de la Cruz Godoy,m,creole,F,1,,
1278,Nicolas de Santiago,m,WCA,S,2_to_9,,
1279,Nicolas Duarte,m,WCA,S,642,,
1280,Nicolas Mateo,m,Non-Af,F,1,,
1281,Pablo,m,WCA,S,120,,
1282,Pablo,m,WCA,S,642,,
1283,Pablo,m,WCA,S,642,,
1284,Pablo,m,WCA,S,1,,
1285,Pablo,m,WCA,S,2_to_9,,
1286,Pablo,m,WCA,S,2_to_9,,
1287,Pablo,m,WCA,S,120,,
1289,Pablo,m,WCA,S,1,,
1290,Pablo,m,WCA,S,642,,
1291,Pablo de la Cruz,m,WCA,S,1,,
1292,Pablo de la Cruz,m,WCA,S,642,,
1293,Pablo de la Cruz,m,creole,S,642,,
1294,Pascual,m,WCA,S,642,,
1295,Pascual,m,WCA,S,642,,
1296,Pascual,m,creole,S,642,,
1297,Pascual de los Reyes,m,WCA,S,642,,
1298,Pascual de los Reyes,m,WCA,S,1,,
1299,Pascual Torres,m,unkBlack,F,2_to_9,,
1300,Pascuala,f,WCA,S,1,,
1301,Pascuala,f,creole,F,2_to_9,,
1302,Pascuala de la Resurreccion,f,WCA,S,2_to_9,,
1303,Pascuala de los Reyes,f,creole,S,1,,
1304,Pascuala Gutierrez,f,Non-Af,F,1,,
1305,Paula,f,WCA,S,642,,
1306,Paula,f,unkBlack,S,642,,
1307,Paula de la Cruz,f,WCA,S,2_to_9,,
1308,Pedro,m,WCA,S,1,,
1309,Pedro,m,WCA,S,2_to_9,,
1310,Pedro,m,WCA,S,642,,
1311,Pedro,m,WA,S,2_to_9,,
1312,Pedro,m,WCA,S,642,,
1313,Pedro,m,WCA,S,1,,
1314,Pedro,m,WA,S,642,,
1315,Pedro,m,WA,S,1,,
1316,Pedro,m,WCA,S,1,,
1317,Pedro,m,WCA,S,2_to_9,,
1318,Pedro,m,WCA,S,2_to_9,,
1319,Pedro,m,WCA,S,120,,
1320,Pedro,m,WCA,S,642,,
1321,Pedro,m,WCA,S,2_to_9,,
1322,Pedro,m,WA,S,1,,
1323,Pedro,m,WA,S,1,,
1324,Pedro,m,WCA,S,1,,
1325,Pedro,m,WCA,S,1,,
1326,Pedro,m,WCA,S,1,,
1327,Pedro,m,WCA,S,2_to_9,,
1328,Pedro,m,WCA,S,1,,
1329,Pedro,m,WA,S,1,,
1330,Pedro,m,WCA,S,2_to_9,,
1331,Pedro,m,WCA,S,642,,
1332,Pedro de la Cruz,m,WCA,S,2_to_9,,
1333,Pedro,m,WA,S,2_to_9,,
1334,Pedro,m,WCA,S,1,,
1335,Pedro,m,WCA,S,1,,
1337,Pedro,m,WCA,S,1,,
1338,Pedro,m,WCA,S,642,,
1339,Pedro,m,WCA,S,1,,
1340,Pedro,m,WCA,S,1,,
1341,Pedro,m,WCA,S,642,,
1342,Pedro,m,WCA,S,2_to_9,,
1343,Pedro,m,WA,S,1,,
1344,Pedro,m,WA,S,1,,
1345,Pedro,m,WCA,S,2_to_9,,
1346,Pedro,m,WCA,S,2_to_9,,
1347,Pedro,m,WCA,S,1,,
1348,Pedro,m,WA,S,2_to_9,,
1349,Pedro,m,WCA,S,642,,
1350,Pedro,m,WCA,S,642,,
1351,Pedro,m,WCA,S,2_to_9,,
1352,Pedro,m,WA,S,2_to_9,,
1353,Pedro,m,WA,S,2_to_9,,
1354,Pedro,m,WCA,S,120,,
1355,Pedro,m,WCA,S,1,,
1356,Pedro,m,WCA,S,642,,
1357,Pedro,m,WCA,S,1,,
1358,Pedro Basquez,m,WCA,S,1,,
1359,Pedro Camarena,m,creole,S,1,,
1360,Pedro de Alcoa,m,creole,F,1,,
1361,Pedro de Bustamonte,m,WCA,S,2_to_9,,
1362,Pedro de Cuello,m,Asian,S,2_to_9,,
1363,Pedro de Fonseca,m,WCA,S,1,,
1364,Pedro de la Cruz,m,WCA,S,1,,
1365,Pedro de la Cruz,m,WCA,S,642,,
1366,Pedro de la Cruz,m,Asian,S,1,,
1367,Pedro de la Cruz,m,WCA,S,642,,
1369,Pedro de la Cruz,m,WCA,S,2_to_9,,
1370,Pedro de la Cruz,m,WCA,S,1,,
1371,Pedro de la Fuente,m,WCA,S,1,,
1372,Pedro de la Fuente,m,WCA,S,1,,
1373,Pedro de la Fuente,m,WCA,S,642,,
1374,Pedro de la Fuente,m,WCA,S,1,,
1375,Pedro de los Angeles,m,Non-Af,F,1,,
1376,Pedro de Ochoa,m,creole,F,1,,
1377,Pedro de Ortega,m,creole,S,1,,
1378,Pedro Enriquez,m,Non-Af,F,1,,
1379,Pedro Garcia,m,WCA,S,642,,
1380,Pedro Garcia,m,WCA,S,642,Pedro Garcia (Mansilla),Pedro Garcia (Mansilla)
1381,Pedro Gonzales,m,WA,F,2_to_9,,
1382,Pedro Luis,m,WA,F,1,,
1383,Pedro Matias,m,creole,S,1,,
1384,Pedro Mosatalla,m,Unk,F,1,,
1385,Pedro Munoz de la Parra,m,Non-Af,F,1,,
1386,Pedro Ruiz de Aguilar,m,Non-Af,F,1,,
1387,Pedro Soltero,m,WA,S,1,,
1388,Pedro Soltero,m,WA,S,2_to_9,,
1389,Petrona de Barra,f,WCA,S,1,,
1390,Polonia,f,WCA,S,1,,
1391,Polonia,f,WCA,S,1,,
1392,Rodrigo,m,WA,S,1,,
1393,Rodrigo Franquez del Villalobos,m,creole,F,1,,
1394,Rufina,f,WCA,S,2_to_9,,
1395,Rufina,f,WCA,S,642,,
1396,Rufina de la Encarnacion,f,WCA,S,1,,
1397,Rufina de San Cristobal,f,WCA,S,1,,
1398,Sabrina,f,WCA,S,2_to_9,,
1399,Salvador,m,WCA,S,1,,
1400,Salvador de Aviles,m,creole,S,1,,
1401,Sebastian,m,WCA,S,2_to_9,,
1402,Sebastian,m,WCA,S,1,,
1403,Sebastian,m,WCA,S,642,,
1404,Sebastian,m,WCA,S,2_to_9,,
1405,Sebastian,m,WCA,S,2_to_9,,
1406,Sebastian,m,WCA,S,2_to_9,,
1407,Sebastian,m,WA,S,1,,
1408,Sebastian,m,WCA,S,1,,
1409,Sebastian,m,creole,S,642,,
1410,Sebastian,m,WCA,S,1,,
1411,Sebastian,m,WCA,S,1,,
1412,Sebastian,m,WCA,S,1,,
1413,Sebastian,m,WCA,S,120,,
1414,Sebastian,m,WCA,S,642,,
1415,Sebastian,m,WCA,S,2_to_9,,
1416,Sebastian,m,WCA,S,1,,
1417,Sebastian,m,WCA,S,2_to_9,,
1418,Sebastian,m,WCA,S,1,,
1419,Sebastian,m,WCA,S,1,,
1420,Sebastian,m,WCA,S,2_to_9,,
1421,Sebastian,m,WCA,S,1,,
1422,Sebastian,m,WCA,S,1,,
1424,Sebastian,m,WCA,S,1,,
1425,Sebastian,m,WCA,S,642,,
1426,Sebastian,m,WCA,S,2_to_9,,
1427,Sebastian,m,WCA,S,642,,
1428,Sebastian,m,WCA,S,1,,
1429,Sebastian,m,WCA,S,1,,
1430,Sebastian de la Cruz,m,WCA,S,2_to_9,,
1431,Sebastian de la Cruz,m,Asian,S,1,,
1432,Sebastian de la Cruz,m,WCA,S,1,,
1433,Sebastian de la Cruz,m,WCA,S,642,,
1434,Sebastian de la Cruz,m,WCA,S,642,,
1435,Sebastian de Palma,m,WCA,S,1,,
1436,Sebastian Hernandez,m,creole,S,1,,
1437,Sebastian Hernando,m,WCA,S,1,,
1438,Sebastian Manuel,m,WCA,S,1,,
1439,Sebastian Perez,m,WCA,S,1,,
1440,Sebastiana de Astudillo,f,Non-Af,F,1,,
1441,Sebastiana de Bautista,f,WCA,S,1,,
1442,Serafina,f,WCA,S,2_to_9,,
1443,Simon,m,WCA,S,1,,
1444,Simon,m,WCA,S,120,,
1445,Simon,m,WCA,S,642,,
1446,Simon,m,WA,S,1,,
1447,Simon,m,WCA,S,2_to_9,,
1448,Simon,m,WA,S,642,,
1449,Simon,m,WCA,S,1,,
1450,Simon,m,WCA,S,1,,
1451,Simon,m,WCA,S,1,,
1452,Simon,m,WCA,S,2_to_9,,
1453,Simon de la Cruz,m,creole,S,2_to_9,,
1454,Simon de la Cruz,m,WCA,S,1,,
1455,Simon de la Cruz,m,creole,S,1,,
1456,Simon de la Cruz,m,WCA,S,1,,
1457,Simon Lopez,m,Asian,F,1,,
1458,Simon Pariente,m,WCA,S,1,,
1459,Simon Perez,m,WCA,S,2_to_9,,
1460,Simon Perez,m,WCA,S,1,,
1461,Sofia,f,WCA,S,1,,
1462,Susana,f,WCA,S,642,,
1463,Susana,f,WCA,S,642,,
1464,Susana,f,WCA,S,642,,
1465,Susana,f,WCA,S,120,,
1466,Susana,f,WCA,S,642,,
1467,Susana,f,WCA,S,1,,
1468,Susana,f,WCA,S,1,,
1469,Susana,f,unkBlack,S,1,,
1470,Susana,f,WCA,S,642,,
1471,Susana,f,WCA,S,642,,
1472,Teresa,f,WCA,S,1,,
1473,Teresa,f,WCA,S,1,,
1474,Teresa,f,WA,S,1,,
1475,Teresa,f,Asian,S,2_to_9,,
1476,Teresa,f,WCA,S,1,,
1477,Teresa,f,WCA,S,120,,
1478,Teresa de Jesus,f,WCA,S,642,,
1479,Tomas,m,WCA,S,1,,
1480,Tomas,m,WCA,S,1,,
1481,Tomas,m,WCA,S,642,,
1482,Tomas de Aquino,m,WCA,S,1,,
1483,Tomas de Contreras,m,creole,S,1,,
1484,Tomas de Contreras,m,creole,F,1,,
1485,Tomas Rodriguez,m,Non-Af,F,2_to_9,,
1486,unk,unk,Unk,S,1,,
1487,Unk,unk,WCA,S,642,,
1488,Unk,unk,WCA,S,642,,
1489,Ursula de San Nicolas,f,Non-Af,F,1,,
1490,Ventura,m,WCA,S,1,,
1491,Ventura,m,WCA,S,1,,
1492,Vicente,m,WCA,S,1,,
1493,Vicente,m,WCA,S,1,,
1494,Vicente Diaz,m,WCA,S,642,,
1495,Vitoria,f,WCA,S,642,,
1496,Vitoria,f,WCA,S,642,,
1497,Maria de la Cruz,f,creole,F,642,,
1498,Maria de la Cruz,f,creole,F,2_to_9,,
1499,Nicolas,m,Asian,F,1,,
1500,Mariana,f,WA,F,1,,
1501,Domingo,m,WCA,S,1,,
1502,Ana de la Cruz,f,Non-Af,F,2_to_9,,
1503,Ana Maria,f,creole,F,1,,
1504,Francisco,m,WCA,S,642,,
1505,Bartolome,m,WCA,S,642,Bartolomé (Herrera),Bartolomé (Herrera)
1506,Manuel,m,WCA,S,2_to_9,,
1507,Maria,f,WCA,S,1,,
1509,Antonio,m,WCA,S,2_to_9,,
1510,Juan,m,WA,S,1,,
1511,Francisco,m,WA,S,1,,
1512,Ana,f,creole,F,1,,
1513,Maria de la Cruz,f,Non-Af,F,1,,
1514,Simon Lopez,m,Asian,F,1,,
1515,Sebastian,m,WCA,S,642,,
1516,Pedro,m,WCA,S,1,,
1517,Antonio,m,WCA,S,2_to_9,,
1518,Mateo,m,WCA,S,2_to_9,,
1519,Maria Madalena,f,Non-Af,F,1,,
1520,Isabel,f,WCA,F,1,,
1521,Francisco,m,WA,S,2_to_9,,
1522,Lucia,f,WCA,S,1,,
10302,"Falcon, Juan",m,,M,,,
10497,"Lorenzana, Francisco",m,,M,,,
10330,"Galvez, Pedro",m,,M,,,
10289,"Escudero, Maria",f,,M,,,
10288,"Escoto de Tovar, Francisca",f,,M,,,
10614,"Onate, Fernando",m,,M,,,
10510,"Mansilla Hinojosa, Juan",m,,M,,,
10611,"Ochandiano, Diego",m,,M,,,
10538,"Medina, Francisco",m,,M,,,
10615,"Onate, Tomas",m,,M,,,
10209,"Castro, Juana",f,,M,,,
10960,"Vera, Juan",m,,M,,Juan de Vera,
10486,"Lopez, Eugenio",m,,M,,,
10036,"Almonaci, Miguel",m,,M,,,
10198,"Castillete, Juan",m,,M,,,
10344,"Geronimo, Agustin",m,,M,,,
10758,"Rodriguez, Tomas",m,,M,,,
10413,"Herrera y Orta, Gines",m,,M,,,
10744,"Rivas, Juan",m,,M,,,
10311,"Figueroa, Juan",m,,M,,,
10192,"Casas, Cristobal",m,,M,,,
10363,"Gonzalez, Gaspar",m,,M,,,
10365,"Gonzalez, Juan",m,,M,,,
10065,"Arauzes, Hernando",m,,M,,,
10607,"Nunez, Francisco",m,,M,,,
10420,"Herrera, Luis",m,,M,,Luis de Herrera,
10361,"Gonzalez, Diego",m,,M,,,
10386,"Gutierrez, Juan",m,,M,,,
10085,"Arratia, Pedro",m,,M,,,
10517,"Martin, Domingo",m,,M,,,
10786,"Salbago, Francisco",m,,M,,,
10322,"Fuentes, Juan",m,,M,,,
10073,"Arias, Andres",m,,M,,,
10287,"Escoto de Tobar, Francisca",f,,M,,,
10653,"Paz Cortez, Geronimo",m,,M,,,
10480,"Lopez, Ana",f,,M,,,
10401,"Hernandez Mellado, Francisco",m,,M,,,
10473,"Lopez de Haro, Melchor",m,,M,,,
10996,"Zuleta, Cristobal",m,,M,,,
10516,"Martin, Benito",m,,M,,,
10699,"Puerto, Domingo",m,,M,,,
10121,"Barrientos, Diego",m,,M,,,
10721,"Rendon, Bartolome",m,,M,,,
10714,"Ramos, Diego",m,,M,,,
10901,"Turcios, Beatriz",f,,M,,,
10842,"Sigura, Hernando",m,,M,,,
10457,"Lara, Juan",m,,M,,,
10999,"Ortiz, Pedro",m,,M,,,
10593,"Navarro, Juan",m,,M,,,
10747,"Rivera, Joseph",m,,M,,,
10754,"Rodriguez, Gonzalo",m,,M,,,
10183,"Caro, Diego",m,,M,,,
10464,"Leon, Juan",m,,M,,,
10791,"Salcedo, Nicolas",m,,M,,,
10624,"Ortelano, Francisco Lorenzo",m,,M,,,
10222,"Cesar, Julian",m,,M,,,
10813,"Sanchez, Francisco",m,,M,,,
10985,"Vineron, Diego",m,,M,,,
10315,"Franco, Agustin",m,,M,,,
10902,UNK,unk,,M,,,
10197,"Castilla, Maria",f,,M,,,
10298,"Esteves, Francisco",m,,M,,,
10318,"Franco, Pedro",m,,M,,,
10711,"Ramirez, Juan",m,,M,,,
10150,"Bueno, Garcia",m,,M,,,
10263,"Cuevas, Leonor",f,,M,,,
10594,"Naz, Antonio",m,,M,,,
10928,"Vasquez, Francisco",m,,M,,,
10410,"Hernandez, Mateo",m,,M,,,
10762,"Rojas, Juan",m,,M,,,
10108,"Banuelos, Maria",f,,M,,,
10794,"Salinas, Gonzalo",m,,M,,,
10385,"Gutierrez, Geronimo",m,,M,,,
10963,"Vera, Melchor",m,,M,,,
10815,"Sanchez, Hernan",m,,M,,,
10203,"Castillo, Maria",f,,M,,,
10079,"Armentda, Pedro",m,,M,,,
10218,"Cepeda, Gaspar",m,,M,,,
10937,"Vazquez, Sebastian",m,,M,,,
10250,"Cordero, Juan",m,,M,,,
10736,"Rios, Diego",m,,M,,,
10015,"Aguirre, Andres",m,,M,,,
10722,"Rexie, Antonio",m,,M,,,
10409,"Hernandez, Marcos",m,,M,,,
10763,"Romero, Luis",m,,M,,,
10338,"Garcia, Juan",m,,M,,,
10407,"Hernandez, Francisco",m,,M,,,
10366,"Gonzalez, Maria",f,,M,,,
10034,"Almacan, Pedro",m,,M,,,
10278,"Diaz, Maria",f,,M,,,
10075,"Ariolo, Geronimo",m,,M,,,
10685,"Picasso, Alonzo",m,,M,,,
10435,"Hurtado, Gaspar",m,,M,,,
10674,"Perez, Alonzo",m,,M,,,
10518,"Martin, Eugenio",m,,M,,,
10496,"Lorenzana, Alvaro",m,,M,,,
10947,"Velasco Bantioja, Alvaro",m,,M,,,
10383,"Gutierrez, Andres",m,,M,,,
10233,Colegio de la compania de Jesus,inst,,M,,,
10740,"Rios, Marcos",m,,M,,,
10995,"Zarate, Diego",m,,M,,,
10600,"Nieva, Sebastian",m,,M,,,
10454,"Justiano, Bernardino",m,,M,,,
10459,"Leardo, Ana",f,,M,,,
10940,"Vega, Flugencio",m,,M,,,
10838,"Serrano, Pedro",m,,M,,,
10241,Convento de San Agustin,inst,,M,,,
10227,"Cifuentes, Luis",m,,M,,,
10662,"Pena, Maria",m,,M,,,
10425,"Hidaldo, Sebastian",m,,M,,,
10123,"Barrios, Francisco",m,,M,,,
10041,"Altamirano, Pedro",m,,M,,,
10219,"Cera, Pedro",m,,M,,,
10971,"Villabona, Juan",m,,M,,,
10319,"Franco, X",unk,,M,,,
10492,"Lopez, Pedro",m,,M,,,
10373,"Guerrero, Antonio",m,,M,,,
10357,"Gomez, Sebastian",m,,M,,,
10173,"Carasco, Juan",m,,M,,,
10677,"Perez, Gabriel",m,,M,,,
10555,"Mexica, Juan",m,,M,,,
10855,"Soria, Martin",m,,M,,,
10092,"Astudillo, Lesmes",unk,,M,,,
10127,"Bautista de Avila, Juan",m,,M,,,
10333,"Garces Portillo, Pedro",m,,M,,,
10684,"Picasso y Hinojosa, Alonzo",m,,M,,,
10377,"Guevara, Diego",m,,M,,,
10525,"Martinez, Joseph",m,,M,,,
10690,"Ponce de Leon, Luis",m,,M,,,
10310,"Figueroa, Fernando",m,,M,,,
10339,"Garcia, Pedro",m,,M,,,
10810,"Sanchez de Herrera, Gonzalo",m,,M,,,
10787,"Salcedo, Agustin",m,,M,,,
10622,"Ortega, Juan",m,,M,,,
10498,"Lorenzo, Rodrigo",m,,M,,,
10303,"Faraut, Valentin",m,,M,,,
10679,"Perez, Juan",m,,M,,,
10716,"Real, Marcos",m,,M,,,
10784,"Salazar, Juan",m,,M,,,
10010,"Aguilar, Hernando",m,,M,,,
10180,"Cardenas, Hernando",m,,M,,,
10084,"Arratia, Antonio",m,,M,,,
10336,"Garcia, Diego",m,,M,,,
10191,"Carrion, Pedro",m,,M,,,
10164,"Candatigui, Francisco",m,,M,,,
10195,"Castellanos, Esteban",m,,M,,,
10125,"Barrosos, Mateo",m,,M,,,
10676,"Perez, Cristobal",m,,M,,,
10798,"Salvador Martinez, Juan",m,,M,,,
10487,"Lopez, Francisco",m,,M,,,
10320,"Frias, Cristobal",m,,M,,,
10965,"Vergara, Antonio",m,,M,,,
10914,"Valdez, Francisca",f,,M,,,
10522,"Martin, Juan",m,,M,,,
10253,"Covarrubia, Nicolas",m,,M,,,
10102,"Baez, Sebastian",m,,M,,,
10817,"Sanchez, Pedro",m,,M,,,
10511,"Manzo, Francisco",m,,M,,,
10046,"Alvarez, Juan",m,,M,,,
10628,"Osorio de Castilla, Sebastiana",f,,M,,,
10226,"Chavarria, Francisco",m,,M,,,
10922,"Valmaelda, Francisco",m,,M,,,
10223,"Cetin, Juana",f,,M,,,
10783,"Salazar, Antonio",m,,M,,,
10340,"Garcia, Sebastian",m,,M,,,
10194,"Castelaso, Julian",m,,M,,,
10367,"Gonzalez, Toribio",m,,M,,,
10580,"Morales, Bernardo",m,,M,,,
10822,"Santiago, Felipe",m,,M,,,
10991,"Xlero, Juan",m,,M,,,
10284,"Escobar, Madalena",f,,M,,,
10671,"Perez de Soto, Juan",m,,M,,,
10119,"Barrera, Catalina",f,,M,,,
10559,"Millan, Antonio",m,,M,,,
10882,"Torre, Francisco",m,,M,,,
10140,"Bertis, Juan Francisco",m,,M,,,
10429,Hospital de San Hypolito,inst,,M,,,
10176,"Carbajal, Alonzo",m,,M,,,
10261,"Cuevas, Antonia",f,,M,,,
10016,"Aguirre, Francisco",m,,M,,,
10920,"Valle, Juan",m,,M,,,
10053,"Anas, Antonio",m,,M,,,
10513,"Maria, Ana",f,,M,,,
10913,"Valdez, Clemente",m,,M,,,
10188,"Carrillo, Fernando Alfonzo",m,,M,,,
10830,"Saravia, Eugenio",m,,M,,,
10200,"Castillo, Francisco",m,,M,,,
10273,"Diaz, Esteban",m,,M,,,
10027,"Alcoser, Juan",m,,M,,,
10481,"Lopez, Andres",m,,M,,,
10461,"Leon, Beatriz",f,,M,,,
10574,"Montemayor, Juan",m,,M,,,
10293,"Esquibel Sotomayor, Luis",m,,M,,,
10868,"Tejada, Marcos",m,,M,,,
10673,"Perez Gil, Juan",m,,M,,,
10026,"Alcega, Juan",m,,M,,,
10988,"Vique, Flugencio",m,,M,,,
10857,"Sosa, Fernando",m,,M,,,
10840,"Sierra, Pedro",m,,M,,,
10709,"Ramirez, Alonzo",m,,M,,,
10592,"Narvaez, Gonzalo",m,,M,,,
10445,"Jimenez, Francisco",m,,M,,,
10755,"Rodriguez, Melchor",m,,M,,,
10907,"Urrea, Toribio",m,,M,,,
10271,"Diaz, Antonio",m,,M,,,
10237,"Contreras, Diego",m,,M,,,
10244,Convento de Santa Teresa,inst,,M,,,
10300,"Estrada, Diego",m,,M,,,
10567,"Molina, Juan",m,,M,,,
10997,"Zuniga, Carlos",m,,M,,,
